
-- LostPets.tuser
INSERT INTO LostPets.tuser (ID, FIRST_NAME, LAST_NAME, EMAIL, PASSWORD, PHONE, ROLE, STATUS)
	VALUES (1, 'José', 'Serrano Castro', 'jose@email.com', '$2a$10$k.ScOVyHBzS8Dl5cYlYdy.VcDlQq7kmvYuCZtAnM5g7G7A.xro4Dy', '603290712', 'USER', 'ENABLED');
INSERT INTO LostPets.tuser (ID, FIRST_NAME, LAST_NAME, EMAIL, PASSWORD, PHONE, ROLE, STATUS)
	VALUES (2, 'Carmen', 'Vidal Navarro', 'carmen@email.com', '$2a$10$fgHhXE9vJb.axjTY8mnfmOwTECgf5yRy6NJkM9u0FaaSxItYyMJSq', '728614128', 'USER', 'ENABLED');	
INSERT INTO LostPets.tuser (ID, FIRST_NAME, LAST_NAME, EMAIL, PASSWORD, PHONE, ROLE, STATUS)
	VALUES (3, 'José Manuel', 'Ruiz Hidalgo', 'josemanuel@email.com', '$2a$10$hfMvk.BXIBnWtM0c9uNGV.m6DxjqIv.1244kKXCOIFoIuZtdhkuhK','782857377', 'USER', 'ENABLED');
INSERT INTO LostPets.tuser (ID, FIRST_NAME, LAST_NAME, EMAIL, PASSWORD, PHONE, ROLE, STATUS)
	VALUES (4, 'Raquel', 'Márquez Crespo', 'raquel@email.com', '$2a$10$wMVGcjhscxxCUhKUs37ZKOiGjYcnXLgbx1YPdKsQSi2BBukklHJV.', '782857377', 'USER', 'ENABLED');	
INSERT INTO LostPets.tuser (ID, FIRST_NAME, LAST_NAME, EMAIL, PASSWORD, PHONE, ROLE, STATUS)
	VALUES (5, 'Nicolás', 'Casas Romero', 'nicolas@email.com', '$2a$10$PjvcDDTL3/4GlQo7TnakQewMKo1wDKLeiHkSierL0l88yzxYvdTTu', '797209604', 'USER', 'ENABLED');	
INSERT INTO LostPets.tuser (ID, FIRST_NAME, LAST_NAME, EMAIL, PASSWORD, PHONE, ROLE, STATUS)
	VALUES (6, 'Nayara', 'Guerrero Martín', 'nayara@email.com', '$2a$10$pmYnTiWtPmZQSaEVvg0Sy.7qWeyTA5dCpSE/eH8ynbunR1foDSQWa', '696588233', 'USER', 'ENABLED');
INSERT INTO LostPets.tuser (ID, FIRST_NAME, LAST_NAME, EMAIL, PASSWORD, PHONE, ROLE, STATUS)
	VALUES (7, 'Jon', 'Domenech Vázquez', 'jon@email.com', '$2a$10$QKqpA71RIrjFEUJlLbCBN.5Y.8Ixf5oogAbjLXev9TCxpBoiFPVCu', '675581157', 'USER', 'ENABLED');	
INSERT INTO LostPets.tuser (ID, FIRST_NAME, LAST_NAME, EMAIL, PASSWORD, PHONE, ROLE, STATUS)
	VALUES (8, 'Érik', 'Rodriguez Crespo', 'erik@email.com', '$2a$10$dEgz.80BQShl3hfhwSzOsevmu70vYt1JS/m34U8u.ZeklGEaPNdrS', '667188381', 'USER', 'ENABLED');	
INSERT INTO LostPets.tuser (ID, FIRST_NAME, LAST_NAME, EMAIL, PASSWORD, PHONE, ROLE, STATUS)
	VALUES (9, 'Roberto', 'Ferrer Sanz', 'roberto@email.com', '$2a$10$7IKUiTj6CabPOxC3Y9r7W.YH7hL7i/vvAM7leGMO0Z/ludsqtgTFq', '778294570', 'USER', 'ENABLED');	
INSERT INTO LostPets.tuser (ID, FIRST_NAME, LAST_NAME, EMAIL, PASSWORD, PHONE, ROLE, STATUS)
	VALUES (10, 'Iris', 'Blanco Vidal', 'iris@email.com', '$2a$10$10KV78v8CEz4hL683mubFujP8X0pkXgMTzQZQlQVU0ljM27ePzEte', '697269158', 'USER', 'ENABLED');
INSERT INTO LostPets.tuser (ID, FIRST_NAME, LAST_NAME, EMAIL, PASSWORD, PHONE, ROLE, STATUS)
	VALUES (11, 'Pablo', 'Blanco Nieto', 'pablo@email.com', '$2a$10$unNacGi9i3H3yvN7A.OHC.iCGWi.q7I8pexb1ghXakEH3cZQQhY1u', '764231120', 'USER', 'ENABLED');
INSERT INTO LostPets.tuser (ID, FIRST_NAME, LAST_NAME, EMAIL, PASSWORD, PHONE, ROLE, STATUS)
	VALUES (12, 'María', 'Guerrero Giménez', 'maria@email.com', '$2a$10$.9eJMtP6v37aYoJKmtE.4Ov/bYtVEak7itj9HelX47zN.2lufPWQu', '705474111', 'USER', 'ENABLED');
INSERT INTO LostPets.tuser (ID, FIRST_NAME, LAST_NAME, EMAIL, PASSWORD, PHONE, ROLE, STATUS)
	VALUES (13, 'Alejandro', 'Sala Muñoz', 'alejandro@email.com', '$2a$10$GY1j2CCnzTKUM9bLQ24EUu1ix5V/18JkYaROLOEOURGNSy7bJN3cm', '785868443', 'USER', 'ENABLED');
INSERT INTO LostPets.tuser (ID, FIRST_NAME, LAST_NAME, EMAIL, PASSWORD, PHONE, ROLE, STATUS)
	VALUES (14, 'Paula', 'Blanco Parra Ferrer', 'paula@email.com', '$2a$10$4QRb7qHIlZ3Oy0.A9kGDfe.vL26lSln2oWBwpWGi4XKTRF/Tq6CNe', '676410334', 'USER', 'ENABLED');
INSERT INTO LostPets.tuser (ID, FIRST_NAME, LAST_NAME, EMAIL, PASSWORD, PHONE, ROLE, STATUS)
	VALUES (15, 'Lucas', 'González Hernández', 'lucas@email.com', '$2a$10$Rfg5FVWy2B.uHaD4PVxEt.lpiELTwsoyl4J0v/G.nneoSrofxyTk6', '723710237', 'USER', 'ENABLED');
INSERT INTO LostPets.tuser (ID, FIRST_NAME, LAST_NAME, EMAIL, PASSWORD, PHONE, ROLE, STATUS)
	VALUES (16, 'Alex', 'Márquez Rodríguez', 'alex@email.com', '$2a$10$femSzkJpKRJ27tVKyhD7B.vWMerGh3pxBbGvR.Sh0fqF0mUPMJ8he', '628873377', 'USER', 'ENABLED');
INSERT INTO LostPets.tuser (ID, FIRST_NAME, LAST_NAME, EMAIL, PASSWORD, PHONE, ROLE, STATUS)
	VALUES (17, 'Ignacio', 'Medina Marin', 'ignacio@email.com', '$2a$10$2kZaXRuNi/OVONvtD38VNeYhCqZlMMmM20for9G8ef/rBaDI7k4zW', '624546434', 'USER', 'ENABLED');
INSERT INTO LostPets.tuser (ID, FIRST_NAME, LAST_NAME, EMAIL, PASSWORD, PHONE, ROLE, STATUS)
	VALUES (18, 'Pedro', 'Ruíz Lorenzo', 'pedro@email.com', '$2a$10$TiArptngdFykgN.fV8.BXeAN8bwb/T3jNxxJ.EUyimFCckuraCRnK', '648819076', 'USER', 'ENABLED');
INSERT INTO LostPets.tuser (ID, FIRST_NAME, LAST_NAME, EMAIL, PASSWORD, PHONE, ROLE, STATUS)
	VALUES (19, 'Martina', 'Fernández Delgado', 'martina@email.com', '$2a$10$/F/d2P1wSzaH6Ln8eVOuIOO/wRG8MgE1DJEtM5C3QL.BeqtpciSjm', '614371081', 'USER', 'ENABLED');
INSERT INTO LostPets.tuser (ID, FIRST_NAME, LAST_NAME, EMAIL, PASSWORD, PHONE, ROLE, STATUS)
	VALUES (20, 'Andrea', 'Méndez Duran', 'andreea@email.com', '$2a$10$HtJKyII7bE.jHPvCoZV4H.ePSS0kMOI2sPs3t41DZx0GRPI6rbKRe', '703870341', 'USER', 'ENABLED');
INSERT INTO LostPets.tuser (ID, FIRST_NAME, LAST_NAME, EMAIL, PASSWORD, PHONE, ROLE, STATUS)
	VALUES (21, 'Diana', 'Serrano Parra', 'diana@email.com', '$2a$10$PpFL1skPFISdrW4ZEvAd3OOV5lg/HME2pnGqtFBDw.RIRswu8pmMS', '777433979', 'USER', 'ENABLED');
INSERT INTO LostPets.tuser (ID, FIRST_NAME, LAST_NAME, EMAIL, PASSWORD, PHONE, ROLE, STATUS)
	VALUES (22, 'Jorge', 'Dominguez Ibañez', 'jorge@email.com', '$2a$10$WTW3pp/KusVWe6wP3mVGae6AqqrL7/7ShoQrbx8zAVDMWgEl8m00K', '638291812', 'USER', 'ENABLED');	
INSERT INTO LostPets.tuser (ID, FIRST_NAME, LAST_NAME, EMAIL, PASSWORD, PHONE, ROLE, STATUS)
	VALUES (23, 'Eva', 'Gallego Cano', 'eva@email.com', '$2a$10$x8fl.Vcz3ZPr0qn60l4S0.pk61XIOE1AEFf2eDFsC2tkUdCHk1jYC', '796415857', 'USER', 'ENABLED');	
INSERT INTO LostPets.tuser (ID, FIRST_NAME, LAST_NAME, EMAIL, PASSWORD, PHONE, ROLE, STATUS)
	VALUES (24, 'Hugo', 'Fernandez Peña', 'hugo@email.com', '$2a$10$tUhSdv.UczNAlqTNk0de8eY8.DsFibOsv1dnUAOv20QfVs6pxajPe', '707409712', 'USER', 'ENABLED');	
INSERT INTO LostPets.tuser (ID, FIRST_NAME, LAST_NAME, EMAIL, PASSWORD, PHONE, ROLE, STATUS)
	VALUES (25, 'Leo', 'Hidalgo Soto', 'leo@email.com', '$2a$10$A6v0F5lvHFqPGa0PV4BKoOt4C71hAe8ogSMjXa2nQLlpIyTiRAkpm', '669514635', 'USER', 'ENABLED');	
INSERT INTO LostPets.tuser (ID, FIRST_NAME, LAST_NAME, EMAIL, PASSWORD, PHONE, ROLE, STATUS)
	VALUES (26, 'Mar', 'Pascual Velasco', 'mar@email.com', '$2a$10$MlcL7vxQJMdwpSaacvPHpeLYQuICvmqjn/SWn.eTfH0bn.R3UyF.O', '621801529', 'USER', 'ENABLED');
INSERT INTO LostPets.tuser (ID, FIRST_NAME, LAST_NAME, EMAIL, PASSWORD, PHONE, ROLE, STATUS)
	VALUES (27, 'Cristina', 'Parra Santos', 'cristina@email.com', '$2a$10$FdaI5mo4uTzuJNCRtZCmvuVezioDvHtQC9AugvywetOmlyyqYDiG.', '635453240', 'USER', 'ENABLED');	
INSERT INTO LostPets.tuser (ID, FIRST_NAME, LAST_NAME, EMAIL, PASSWORD, PHONE, ROLE, STATUS)
	VALUES (28, 'Mario', 'Diaz Carrasco', 'mario@email.com', '$2a$10$eJAD5NY.Ni/HNnKle7fmt.1Q7MFmlZzCwj0ycmzD8r3WjdkFI/L/q', '694896729', 'USER', 'ENABLED');	
INSERT INTO LostPets.tuser (ID, FIRST_NAME, LAST_NAME, EMAIL, PASSWORD, PHONE, ROLE, STATUS)
	VALUES (29, 'Miguel Ángel', 'Flores Caballero', 'miguelangel@email.com', '$2a$10$A0A2KfsEKirCCoMKx8dA/OexDsgGKZdagaU/tAeKUCXeF.JwsmumG', '650761313', 'USER', 'ENABLED');	
INSERT INTO LostPets.tuser (ID, FIRST_NAME, LAST_NAME, EMAIL, PASSWORD, PHONE, ROLE, STATUS)
	VALUES (30, 'Aroa', 'Rubio Cruz', 'aroa@email.com', '$2a$10$9/u/Bo09k4/SCRU61NAQ6OCp8MjqqdISqWWW65tQ0bxHVdJaGamCC', '607730256', 'USER', 'ENABLED');
INSERT INTO LostPets.tuser (ID, FIRST_NAME, LAST_NAME, EMAIL, PASSWORD, PHONE, ROLE, STATUS)
	VALUES (31, 'Gabriel', 'Aguilar Méndez', 'gabriel@email.com', '$2a$10$7c7E4kbk4PKhg7SJmFCpseWcnYfVEF8BgQF6YDyZ/F/HidCt7Ukai', '643798768', 'USER', 'ENABLED');
INSERT INTO LostPets.tuser (ID, FIRST_NAME, LAST_NAME, EMAIL, PASSWORD, PHONE, ROLE, STATUS)
	VALUES (32, 'Joel', 'Molina Vargas', 'joel@email.com', '$2a$10$tvVHuzwGeggNMDKwL/53senWavs3xdtssX8EFPW4NDJvUWs8VpNYK', '686099347', 'USER', 'ENABLED');
INSERT INTO LostPets.tuser (ID, FIRST_NAME, LAST_NAME, EMAIL, PASSWORD, PHONE, ROLE, STATUS)
	VALUES (33, 'Javier', 'Soler Álvarez', 'javier@email.com', '$2a$10$Yqtq9vHHDGpubuYN4uErJOKXe6gMlkzRrABtzTfAvmwT1BkRh93kG', '624710286', 'USER', 'ENABLED');
INSERT INTO LostPets.tuser (ID, FIRST_NAME, LAST_NAME, EMAIL, PASSWORD, PHONE, ROLE, STATUS)
	VALUES (34, 'Daniela', 'Gallardo Domínguez', 'daniela@email.com', '$2a$10$xo3DpuVAyoCOEB7Bvxzm2ednniSCsvALwFlXPQ63dn.oCdHdyEEU2', '796399380', 'USER', 'ENABLED');
INSERT INTO LostPets.tuser (ID, FIRST_NAME, LAST_NAME, EMAIL, PASSWORD, PHONE, ROLE, STATUS)
	VALUES (35, 'Carlos', 'Hidalgo Castro', 'carlos@email.com', '$2a$10$dKqolnZWXr0Da7FsnzIfLeJn1UxvW4pQ3h0AnHtqEEU4B9oSfTOv.', '632214146', 'USER', 'ENABLED');
INSERT INTO LostPets.tuser (ID, FIRST_NAME, LAST_NAME, EMAIL, PASSWORD, PHONE, ROLE, STATUS)
	VALUES (36, 'Lidia', 'Carmona Velasco', 'lidia@email.com', '$2a$10$HdpDPQoIaOjCaVT1KiRaJe2fooIL2wUbhs1lRdieedRXS.IAN0AK6', '724445985', 'USER', 'ENABLED');
INSERT INTO LostPets.tuser (ID, FIRST_NAME, LAST_NAME, EMAIL, PASSWORD, PHONE, ROLE, STATUS)
	VALUES (37, 'Renato', 'Rodríguez Sanz', 'renato@email.com', '$2a$10$Sxw5VcBZDke5Wp5PehVOlOhrkb7k0JYjdAGr66.7VY3D7.2LOhnVG', '690253145', 'USER', 'ENABLED');
INSERT INTO LostPets.tuser (ID, FIRST_NAME, LAST_NAME, EMAIL, PASSWORD, PHONE, ROLE, STATUS)
	VALUES (38, 'Ioana', 'Martínez del Álamo', 'ioana@email.com', '$2a$10$Yvr4OLhxTa1TTlzBZg7wm.Q0gBX6Co7S3cZpEitMR3cUyJALuwDJC', '711750558', 'USER', 'ENABLED');
	
INSERT INTO LostPets.tuser (ID, FIRST_NAME, LAST_NAME, EMAIL, PASSWORD, PHONE, ROLE, STATUS)
	VALUES (39, 'Jordi', 'Cabrera Vázquez', 'jordi@email.com', '$2a$10$Fi0A9AEux0G5tJty56sFzem.N0.Nm/O1EdZ6Xo9rPfx8ocw./ECX2', '662898370', 'ADMIN', 'ENABLED');	
INSERT INTO LostPets.tuser (ID, FIRST_NAME, LAST_NAME, EMAIL, PASSWORD, PHONE, ROLE, STATUS)
	VALUES (40, 'Juan', 'Rodríguez Fernández', 'juan@email.com', '$2a$10$lar3p6mT9TOdX/WRlMHL/.TOJRb0mYeOPGEymaK5ruwvby54t1gZO', '991172067', 'ADMIN', 'ENABLED');
	

-- LostPets.tad
INSERT INTO LostPets.tad (ID, CODE, DATE, AD_STATUS, PET_STATUS, REWARD, LATITUDE, LONGITUDE, NAME, TYPE, RACE, SEX, COLOUR, MICROCHIP_ID, OBSERVATIONS, PHOTO, USER_ID)
	VALUES (1, 'tDJHa43bHZ', '2020-03-15 12:30:00', 'ENABLED', 'LOST', 500.0, 43.361914, -5.84938, 'Otto', 'Perro', 'Yorkshire', 'MALE', 'Marrón y negro', '1823691951', 'Es muy asustado.', 'resources/img/tDJHa43bHZ.jpg', 1);
INSERT INTO LostPets.tad (ID, CODE, DATE, AD_STATUS, PET_STATUS, REWARD, LATITUDE, LONGITUDE, NAME, TYPE, RACE, SEX, COLOUR, MICROCHIP_ID, OBSERVATIONS, PHOTO, USER_ID)
	VALUES (2, 'R16uBeBtPY', '2020-03-20 18:00:00', 'ENABLED', 'FOUND', 800.0, 43.361914, -5.84938, 'Bruno', 'Perro', 'Bulldog', 'FEMALE', 'Marrón y blanco', '8973412278', 'El perro necesita medicación urgentemente.', 'resources/img/R16uBeBtPY.jpg', 2);
INSERT INTO LostPets.tad (ID, CODE, DATE, AD_STATUS, PET_STATUS, REWARD, LATITUDE, LONGITUDE, NAME, TYPE, RACE, SEX, COLOUR, MICROCHIP_ID, OBSERVATIONS, PHOTO, USER_ID)
	VALUES (3, 'lJUNtS3y8f', '2020-03-18 16:00:00', 'ENABLED', 'LOST', 2000.0, 43.361914, -5.84938, 'Luna', 'Gato', 'Esfinge', 'MALE', 'Blanco', '799780893', 'Es un gato bastante agresivo.', 'resources/img/lJUNtS3y8f.jpg', 3);
INSERT INTO LostPets.tad (ID, CODE, DATE, AD_STATUS, PET_STATUS, REWARD, LATITUDE, LONGITUDE, NAME, TYPE, RACE, SEX, COLOUR, MICROCHIP_ID, OBSERVATIONS, PHOTO, USER_ID)
	VALUES (4, 'm78nJ98a8A', '2020-03-16 12:00:00', 'ENABLED', 'LOST', 350.0, 43.361914, -5.84938, 'Charlie', 'Loro', 'Yaco', 'MALE', 'Gris y rojo', '2348454810', 'No sabe volar bien, podría estar en algún árbol.', 'resources/img/m78nJ98a8A.jpg', 1);
INSERT INTO LostPets.tad (ID, CODE, DATE, AD_STATUS, PET_STATUS, REWARD, LATITUDE, LONGITUDE, NAME, TYPE, RACE, SEX, COLOUR, MICROCHIP_ID, OBSERVATIONS, PHOTO, USER_ID)
	VALUES (5, 'lAs902Axhq', '2020-03-21 14:45:00', 'ENABLED', 'FOUND', 0, 43.361914, -5.84938, 'Molly', 'Gato', 'Persa', 'FEMALE', 'Blanco, dorado y negro', '9562354883', 'Es un gato muy asustadiza.', 'resources/img/lAs902Axhq.jpg', 3);
INSERT INTO LostPets.tad (ID, CODE, DATE, AD_STATUS, PET_STATUS, REWARD, LATITUDE, LONGITUDE, NAME, TYPE, RACE, SEX, COLOUR, MICROCHIP_ID, OBSERVATIONS, PHOTO, USER_ID)
	VALUES (6, '4ppdLciiOO', '2020-03-22 16:30:00', 'ENABLED', 'LOST', 40.0, 36.721275, -4.421399, 'Linda', 'Perro', 'Mestizo', 'FEMALE', 'Blanco y dorado', '5623324728', 'Perdida en el parque central de la ciudad. Muchas gracias y un saludo.', 'resources/img/4ppdLciiOO.jpg', 4);
INSERT INTO LostPets.tad (ID, CODE, DATE, AD_STATUS, PET_STATUS, REWARD, LATITUDE, LONGITUDE, NAME, TYPE, RACE, SEX, COLOUR, MICROCHIP_ID, OBSERVATIONS, PHOTO, USER_ID)
	VALUES (7, 'mjxK9J426F', '2020-03-23 09:00:00', 'ENABLED', 'FOUND', 350.0, 43.348510, -5.126960, 'Beru', 'Guacamayo', 'Macao', 'FEMALE', 'Azul, amarillo, negro y verde', '8092771868', 'Ha escapado por la mañana, al abrir las ventanas. No sabe volar y podría estar herido.', 'resources/img/mjxK9J426F.jpg', 5);
INSERT INTO LostPets.tad (ID, CODE, DATE, AD_STATUS, PET_STATUS, REWARD, LATITUDE, LONGITUDE, NAME, TYPE, RACE, SEX, COLOUR, MICROCHIP_ID, OBSERVATIONS, PHOTO, USER_ID)
	VALUES (8, '1byqhcy3EA', '2020-03-24 12:00:00', 'ENABLED', 'LOST', 3000.0, 43.388370, -5.186790, 'Arnold', 'Caballo', 'Árabe', 'MALE', 'Dorado', '8018986646', 'Ha desaparecido de los establos.', 'resources/img/1byqhcy3EA.jpg', 6);
INSERT INTO LostPets.tad (ID, CODE, DATE, AD_STATUS, PET_STATUS, REWARD, LATITUDE, LONGITUDE, NAME, TYPE, RACE, SEX, COLOUR, MICROCHIP_ID, OBSERVATIONS, PHOTO, USER_ID)
	VALUES (9, 'QyOeXreGLg', '2020-03-25 14:00:00', 'DISABLED', 'LOST', 150.0, 43.555888, -5.923948, 'Bender', 'Loro', 'Cacatúa', 'FEMALE', 'Blanco', '4600457510', 'Ha escapado de su jaula.', 'resources/img/QyOeXreGLg.jpg', 7);
INSERT INTO LostPets.tad (ID, CODE, DATE, AD_STATUS, PET_STATUS, REWARD, LATITUDE, LONGITUDE, NAME, TYPE, RACE, SEX, COLOUR, MICROCHIP_ID, OBSERVATIONS, PHOTO, USER_ID)
	VALUES (10, '9WAdc2ZRsC', '2020-03-26 18:30:00', 'ENABLED', 'LOST', 150.0, 43.555888, -5.923948, 'Pancho', 'Perro', 'Corgi', 'MALE', 'Blanco', '4600457510', 'Lleva los datos del propietario en el collar.', 'resources/img/9WAdc2ZRsC.jpg', 1);
INSERT INTO LostPets.tad (ID, CODE, DATE, AD_STATUS, PET_STATUS, REWARD, LATITUDE, LONGITUDE, NAME, TYPE, RACE, SEX, COLOUR, MICROCHIP_ID, OBSERVATIONS, PHOTO, USER_ID)
	VALUES (11, 'gYyAPVJamx', '2020-03-27 12:45:00', 'ENABLED', 'LOST', 50.0, 43.438960, -3.844528, 'Niebla', 'Gato', 'Bengala', 'FEMALE', 'Marrón y negro', '1080680654', 'Es bastante agresiva.', 'resources/img/gYyAPVJamx.jpg', 8);
INSERT INTO LostPets.tad (ID, CODE, DATE, AD_STATUS, PET_STATUS, REWARD, LATITUDE, LONGITUDE, NAME, TYPE, RACE, SEX, COLOUR, MICROCHIP_ID, OBSERVATIONS, PHOTO, USER_ID)
	VALUES (12, 'NnJ7mr0AkP', '2020-04-01 07:00:00', 'ENABLED', 'FOUND', 1000.0, 42.581400, -5.583801, 'Snoopy', 'Caballo', 'Apalusa', 'MALE', 'Blanco y negro', '6866571613', 'Se ha asustado y se ha escapado de los establos.', 'resources/img/NnJ7mr0AkP.jpg', 9);
INSERT INTO LostPets.tad (ID, CODE, DATE, AD_STATUS, PET_STATUS, REWARD, LATITUDE, LONGITUDE, NAME, TYPE, RACE, SEX, COLOUR, MICROCHIP_ID, OBSERVATIONS, PHOTO, USER_ID)
	VALUES (13, 'ZzLjr96V1s', '2020-04-02 15:15:00', 'ENABLED', 'LOST', 15.0, 43.359868, -5.850123, 'Odie', 'Camaleón', 'Calumma', 'MALE', 'Azul, negro, gris y naranja', '9083555177', 'Ha desaparecido de su jaula.', 'resources/img/ZzLjr96V1s.jpg', 10);
INSERT INTO LostPets.tad (ID, CODE, DATE, AD_STATUS, PET_STATUS, REWARD, LATITUDE, LONGITUDE, NAME, TYPE, RACE, SEX, COLOUR, MICROCHIP_ID, OBSERVATIONS, PHOTO, USER_ID)
	VALUES (14, '3rympwp3CF', '2020-04-03 11:00:00', 'ENABLED', 'LOST', 15.0, 43.359634, -8.411279, 'Laika', 'Perro', 'Pomeranian', 'FEMALE', 'Naranja y blanco', '3937275575', 'Se ha asustado de los fuegos artificiales y ha escapado del jardín.', 'resources/img/3rympwp3CF.jpg', 2);
INSERT INTO LostPets.tad (ID, CODE, DATE, AD_STATUS, PET_STATUS, REWARD, LATITUDE, LONGITUDE, NAME, TYPE, RACE, SEX, COLOUR, MICROCHIP_ID, OBSERVATIONS, PHOTO, USER_ID)
	VALUES (15, 'IyERzAYevd', '2020-04-04 13:00:00', 'ENABLED', 'LOST', 200.0, 41.376809, 2.076416, 'Anubis', 'Serpiente', 'Pitón Real', 'FEMALE', 'Negro y marrón', '2310791870', 'Ha desaparecido de su jaula.', 'resources/img/IyERzAYevd.jpg', 3);
INSERT INTO LostPets.tad (ID, CODE, DATE, AD_STATUS, PET_STATUS, REWARD, LATITUDE, LONGITUDE, NAME, TYPE, RACE, SEX, COLOUR, MICROCHIP_ID, OBSERVATIONS, PHOTO, USER_ID)
	VALUES (16, 'HGEyF6jCln', '2020-04-05 16:00:00', 'ENABLED', 'FOUND', 0, 41.376809, 2.076416, 'Anubis', 'Perro', 'Rottweiler', 'MALE', 'Negro y fuego', '5746945120', 'Es un perro muy dócil y se ha escapado porque alguien ha dejado la puerta del jardín abierta.', 'resources/img/HGEyF6jCln.jpg', 11);
INSERT INTO LostPets.tad (ID, CODE, DATE, AD_STATUS, PET_STATUS, REWARD, LATITUDE, LONGITUDE, NAME, TYPE, RACE, SEX, COLOUR, MICROCHIP_ID, OBSERVATIONS, PHOTO, USER_ID)
	VALUES (17, 'JxP6zM26jJ', '2020-04-06 08:50:00', 'ENABLED', 'LOST', 75.0, 38.995306, -3.935251, 'Heiko', 'Gato', 'Munchkin', 'FEMALE', 'Gris y marrón', '6342015657', 'Es una gata con problemas de salud y necesita medicación urgentemente.', 'resources/img/JxP6zM26jJ.png', 12);
INSERT INTO LostPets.tad (ID, CODE, DATE, AD_STATUS, PET_STATUS, REWARD, LATITUDE, LONGITUDE, NAME, TYPE, RACE, SEX, COLOUR, MICROCHIP_ID, OBSERVATIONS, PHOTO, USER_ID)
	VALUES (18, '3ioIvEK88b', '2020-04-07 10:25:00', 'ENABLED', 'LOST', 250.0, 37.387617, -6.015015, 'Karim', 'Caballo', 'Pura Sangre', 'MALE', 'Marrón y negro', '1151584809', 'Lleva desaparecido aproximadamente 24 horas.', 'resources/img/3ioIvEK88b.jpg', 13);
INSERT INTO LostPets.tad (ID, CODE, DATE, AD_STATUS, PET_STATUS, REWARD, LATITUDE, LONGITUDE, NAME, TYPE, RACE, SEX, COLOUR, MICROCHIP_ID, OBSERVATIONS, PHOTO, USER_ID)
	VALUES (19, 'YGBa1lOzZy', '2020-04-08 15:00:00', 'ENABLED', 'LOST', 20.0, 43.357013, -5.847731, 'Cora', 'Perro', 'Chihuahua', 'FEMALE', 'Blanco', '3659809691', 'Perrita bastante agresiva. Se le ha visto en los alrededores del punto indicado en el mapa.', 'resources/img/YGBa1lOzZy.jpg', 14);
INSERT INTO LostPets.tad (ID, CODE, DATE, AD_STATUS, PET_STATUS, REWARD, LATITUDE, LONGITUDE, NAME, TYPE, RACE, SEX, COLOUR, MICROCHIP_ID, OBSERVATIONS, PHOTO, USER_ID)
	VALUES (20, '3FzavzKtGu', '2020-04-09 09:10:00', 'ENABLED', 'LOST', 80.0, 43.360383, -5.853739, 'Mina', 'Gato', 'Siberiano', 'FEMALE', 'Blanco y gris', '4639784349', '¡URGENTE! La gata tiene la vista afectada por una enfermedad. No va a vivir mucho sin los cuidados necesarios.', 'resources/img/3FzavzKtGu.jpg', 15);
INSERT INTO LostPets.tad (ID, CODE, DATE, AD_STATUS, PET_STATUS, REWARD, LATITUDE, LONGITUDE, NAME, TYPE, RACE, SEX, COLOUR, MICROCHIP_ID, OBSERVATIONS, PHOTO, USER_ID)
	VALUES (21, 'BSAT5LtWrj', '2020-04-10 14:40:00', 'ENABLED', 'FOUND', 0, 43.352832, -5.841916, 'Lambert', 'Hámster', 'Enano Ruso', 'MALE', 'Gris y negro', '9654754234', 'Se ha asustado y ha desaparecido.', 'resources/img/BSAT5LtWrj.jpg', 1);
INSERT INTO LostPets.tad (ID, CODE, DATE, AD_STATUS, PET_STATUS, REWARD, LATITUDE, LONGITUDE, NAME, TYPE, RACE, SEX, COLOUR, MICROCHIP_ID, OBSERVATIONS, PHOTO, USER_ID)
	VALUES (22, 'RDLC2SGhB4', '2020-05-15 16:25:00', 'ENABLED', 'LOST', 1500.0, 43.179520, -6.551542, 'Dalí', 'Caballo', 'Morgan', 'MALE', 'Marrón oscuro y negro', '9485675633', 'Se ha escapado de los establos.', 'resources/img/RDLC2SGhB4.jpg', 2);
INSERT INTO LostPets.tad (ID, CODE, DATE, AD_STATUS, PET_STATUS, REWARD, LATITUDE, LONGITUDE, NAME, TYPE, RACE, SEX, COLOUR, MICROCHIP_ID, OBSERVATIONS, PHOTO, USER_ID)
	VALUES (23, 'ubSiZMTFA2', '2020-05-16 12:00:00', 'ENABLED', 'LOST', 90.0, 43.179520, -6.551542, 'Aura', 'Gato', 'British Shorthair', 'FEMALE', 'Gris', '3076411836', 'Se asusta fácilmente y no puede andar muy lejos de casa. No es la primera vez que se escapa.', 'resources/img/ubSiZMTFA2.jpg', 3);
INSERT INTO LostPets.tad (ID, CODE, DATE, AD_STATUS, PET_STATUS, REWARD, LATITUDE, LONGITUDE, NAME, TYPE, RACE, SEX, COLOUR, MICROCHIP_ID, OBSERVATIONS, PHOTO, USER_ID)
	VALUES (24, 'xtDAvLdcVK', '2020-05-17 20:00:00', 'ENABLED', 'LOST', 320.0, 43.371615, -5.845156, 'Hermes', 'Perro', 'Caniche', 'MALE', 'Blanco', '9018352454', 'El perro se ha perdido durante un paseo. ¡Necesita medicación urgentemente!', 'resources/img/xtDAvLdcVK.jpg', 16);
INSERT INTO LostPets.tad (ID, CODE, DATE, AD_STATUS, PET_STATUS, REWARD, LATITUDE, LONGITUDE, NAME, TYPE, RACE, SEX, COLOUR, MICROCHIP_ID, OBSERVATIONS, PHOTO, USER_ID)
	VALUES (25, 'xXbarkgBIn', '2020-05-18 09:05:00', 'ENABLED', 'LOST', 550.0, 43.357388, -5.878630, 'Casper', 'Perro', 'Shiba Inu', 'MALE', 'Naranja y blanco', '2470273483', 'Se ha perdido en los alrdedeores de la ciudad, hacia el oeste.', 'resources/img/xXbarkgBIn.jpg', 17);
INSERT INTO LostPets.tad (ID, CODE, DATE, AD_STATUS, PET_STATUS, REWARD, LATITUDE, LONGITUDE, NAME, TYPE, RACE, SEX, COLOUR, MICROCHIP_ID, OBSERVATIONS, PHOTO, USER_ID)
	VALUES (26, 'oEsiPKofcZ', '2020-05-19 14:00:00', 'ENABLED', 'FOUND', 1000.0, 43.511958, -5.649118, 'Ulises', 'Caballo', 'Poni Galés', 'MALE', 'Marrón y blanco', '8401930401', 'Se ha escapado del establo. Por su raza, es un caballo de tamaño muy pequeño y asustadizo.', 'resources/img/oEsiPKofcZ.jpg', 18);
INSERT INTO LostPets.tad (ID, CODE, DATE, AD_STATUS, PET_STATUS, REWARD, LATITUDE, LONGITUDE, NAME, TYPE, RACE, SEX, COLOUR, MICROCHIP_ID, OBSERVATIONS, PHOTO, USER_ID)
	VALUES (27, 'IXPkB1KH5e', '2020-05-19 07:00:00', 'DISABLED', 'LOST', 0, 43.353019, -5.852194, 'Mateo', 'Perro', 'Beagle', 'FEMALE', 'Blanco, negro y marrón', '4665437486', 'El anuncio ha sido deshabilitado por el administrador. La sección "observaciones" no se adecúa a las normas de la comunidad.', 'resources/img/IXPkB1KH5e.jpg', 1);
INSERT INTO LostPets.tad (ID, CODE, DATE, AD_STATUS, PET_STATUS, REWARD, LATITUDE, LONGITUDE, NAME, TYPE, RACE, SEX, COLOUR, MICROCHIP_ID, OBSERVATIONS, PHOTO, USER_ID)
	VALUES (28, 'KWjdSDMPmF', '2020-05-20 15:40:00', 'ENABLED', 'LOST', 1500.0, 40.431269, -3.698959, 'Ulises', 'Gato', 'Savannah', 'MALE', 'Negro y marrón', '3241223034', 'Este gato es muy agresivo.', 'resources/img/KWjdSDMPmF.jpg', 19);
INSERT INTO LostPets.tad (ID, CODE, DATE, AD_STATUS, PET_STATUS, REWARD, LATITUDE, LONGITUDE, NAME, TYPE, RACE, SEX, COLOUR, MICROCHIP_ID, OBSERVATIONS, PHOTO, USER_ID)
	VALUES (29, 'OlUQQroRp7', '2020-05-21 12:15:00', 'ENABLED', 'LOST', 450.0, 40.367474, -3.689346, 'Larry', 'Gato', 'Ruso', 'MALE', 'Azul', '2798883925', 'El gato necesita medicación porque es muy viejo.', 'resources/img/OlUQQroRp7.jpg', 20);
INSERT INTO LostPets.tad (ID, CODE, DATE, AD_STATUS, PET_STATUS, REWARD, LATITUDE, LONGITUDE, NAME, TYPE, RACE, SEX, COLOUR, MICROCHIP_ID, OBSERVATIONS, PHOTO, USER_ID)
	VALUES (30, 'r0S4zi0OQt', '2020-05-22 18:55:00', 'ENABLED', 'LOST', 850.0, 40.375844, -3.561630, 'Neo', 'Perro', 'Husky', 'MALE', 'Blanco, negro y gris', '4483670156', 'El perro suele escaparse de vez en cuando, pero esta vez lleva fuera de casa aproximadamente 2 días.', 'resources/img/r0S4zi0OQt.jpg', 21);
INSERT INTO LostPets.tad (ID, CODE, DATE, AD_STATUS, PET_STATUS, REWARD, LATITUDE, LONGITUDE, NAME, TYPE, RACE, SEX, COLOUR, MICROCHIP_ID, OBSERVATIONS, PHOTO, USER_ID)
	VALUES (31, 'hj7vE2H53i', '2020-05-23 15:00:00', 'ENABLED', 'FOUND', 5000.0, 43.253205, -2.958069, 'Osiris', 'Caballo', 'Andaluz', 'MALE', 'Blanco, negro y gris', '3618358867', 'El caballo se ha escapado durante un concurso organizado en la ciudad de Bilbao.', 'resources/img/hj7vE2H53i.jpg', 22);

	
-- LostPets.tchat
INSERT INTO LostPets.tchat (ID, CODE)
	VALUES (1, 'WrD2U0u9A6');
INSERT INTO LostPets.tchat (ID, CODE)
	VALUES (2, 'FwdBmvnUoL');
INSERT INTO LostPets.tchat (ID, CODE)
	VALUES (3, 'ka3kiA8Rs2');
INSERT INTO LostPets.tchat (ID, CODE)
	VALUES (4, 'cCwkzhrnfI');
INSERT INTO LostPets.tchat (ID, CODE)
	VALUES (5, 'uXjcVKffCg');
	

-- LostPets.tmessage
INSERT INTO LostPets.tmessage (ID, CODE, CONTENT, DATE, MESSAGE_STATUS, FROM_USER_ID, TO_USER_ID, CHAT_ID)
	VALUES (1, 'x5UsCorj3V', '¡Hey! ¿Qué tal?', '2020-04-11 15:20:00', 'READ', 2, 1, 1);
INSERT INTO LostPets.tmessage (ID, CODE, CONTENT, DATE, MESSAGE_STATUS, FROM_USER_ID, TO_USER_ID, CHAT_ID)
	VALUES (2, 'fv5te2DZDn', '¡Hola! ¿Bien, y tu?', '2020-04-11 15:21:00', 'READ', 1, 2, 1);
INSERT INTO LostPets.tmessage (ID, CODE, CONTENT, DATE, MESSAGE_STATUS, FROM_USER_ID, TO_USER_ID, CHAT_ID)
	VALUES (3, '87MN6yCMuB', 'Bien, creo que he encontrado tu hámster.', '2020-04-11 15:22:00', 'READ', 2, 1, 1);
INSERT INTO LostPets.tmessage (ID, CODE, CONTENT, DATE, MESSAGE_STATUS, FROM_USER_ID, TO_USER_ID, CHAT_ID)
	VALUES (4, '2gNwgXTfnB', 'Estaba en la base de un árbol, cerca de la entrada en el parque...', '2020-04-11 15:23:00', 'READ', 2, 1, 1);
INSERT INTO LostPets.tmessage (ID, CODE, CONTENT, DATE, MESSAGE_STATUS, FROM_USER_ID, TO_USER_ID, CHAT_ID)
	VALUES (5, '66Mk9hbYXG', 'OK. ¿Donde quieres que quedemos?', '2020-04-11 15:24:00', 'READ', 1, 2, 1);
INSERT INTO LostPets.tmessage (ID, CODE, CONTENT, DATE, MESSAGE_STATUS, FROM_USER_ID, TO_USER_ID, CHAT_ID)
	VALUES (6, 'J7ahp0KlR1', 'Llámame a través de la aplicación.', '2020-04-11 15:25:00', 'READ', 2, 1, 1);
INSERT INTO LostPets.tmessage (ID, CODE, CONTENT, DATE, MESSAGE_STATUS, FROM_USER_ID, TO_USER_ID, CHAT_ID)
	VALUES (7, 'yviuuNQz5e', 'O si no... mi número es 728614128', '2020-04-11 15:26:00', 'READ', 2, 1, 1);
INSERT INTO LostPets.tmessage (ID, CODE, CONTENT, DATE, MESSAGE_STATUS, FROM_USER_ID, TO_USER_ID, CHAT_ID)
	VALUES (8, 'czOF7wsfTM', '¡Perfecto!', '2020-04-11 15:30:00', 'READ', 1, 2, 1);
INSERT INTO LostPets.tmessage (ID, CODE, CONTENT, DATE, MESSAGE_STATUS, FROM_USER_ID, TO_USER_ID, CHAT_ID)
	VALUES (9, 'i0lWa1DEW9', '¡Buenos días!', '2020-03-15 13:11:00', 'READ', 30, 1, 2);		
INSERT INTO LostPets.tmessage (ID, CODE, CONTENT, DATE, MESSAGE_STATUS, FROM_USER_ID, TO_USER_ID, CHAT_ID)
	VALUES (10, 'VbqqsGTBcy', 'He visto a Otto cerca de la ubicación indicada en el anuncio publicado...', '2020-03-15 13:13:00', 'READ', 30, 1, 2);			
INSERT INTO LostPets.tmessage (ID, CODE, CONTENT, DATE, MESSAGE_STATUS, FROM_USER_ID, TO_USER_ID, CHAT_ID)
	VALUES (11, 'BrNNdus1ro', 'El problema es que al intentar cogerlo, se ha asustado y ha huído.', '2020-03-15 13:14:00', 'READ', 30, 1, 2);	
INSERT INTO LostPets.tmessage (ID, CODE, CONTENT, DATE, MESSAGE_STATUS, FROM_USER_ID, TO_USER_ID, CHAT_ID)
	VALUES (12, '1xH36M3H8y', 'Intentaré proporcionar más información si lo vuelvo a ver.', '2020-03-15 13:15:00', 'READ', 30, 1, 2);		
INSERT INTO LostPets.tmessage (ID, CODE, CONTENT, DATE, MESSAGE_STATUS, FROM_USER_ID, TO_USER_ID, CHAT_ID)
	VALUES (13, 'eB09WzOTIW', 'Vale... muchas gracias. A ver si hay suerte y lo encuentro rápidamente.', '2020-03-15 13:28:00', 'READ', 1, 30, 2);
INSERT INTO LostPets.tmessage (ID, CODE, CONTENT, DATE, MESSAGE_STATUS, FROM_USER_ID, TO_USER_ID, CHAT_ID)
	VALUES (14, 'rnSVovycgR', 'Puede llamarme directamente al número que he dejado en el anuncio', '2020-03-15 13:29:00', 'READ', 1, 30, 2);	
INSERT INTO LostPets.tmessage (ID, CODE, CONTENT, DATE, MESSAGE_STATUS, FROM_USER_ID, TO_USER_ID, CHAT_ID)
	VALUES (15, 'airkF4pfnQ', '¡Buenos días!', '2020-05-19 09:13:00', 'READ', 40, 1, 3);
INSERT INTO LostPets.tmessage (ID, CODE, CONTENT, DATE, MESSAGE_STATUS, FROM_USER_ID, TO_USER_ID, CHAT_ID)
	VALUES (16, 'MqUhjuEVs3', '¡Un anuncio que ha publicado (código "IXPkB1KH5e") ha sido deshabilitado por el administrador por inclumplir las normas de la comunidad!', '2020-05-19 09:14:00', 'READ', 40, 1, 3);
INSERT INTO LostPets.tmessage (ID, CODE, CONTENT, DATE, MESSAGE_STATUS, FROM_USER_ID, TO_USER_ID, CHAT_ID)
	VALUES (17, '3HeYvidbFw', '¡Hey!', '2020-03-17 10:22:00', 'READ', 3, 1, 4);
INSERT INTO LostPets.tmessage (ID, CODE, CONTENT, DATE, MESSAGE_STATUS, FROM_USER_ID, TO_USER_ID, CHAT_ID)
	VALUES (18, 'nQc3OFi3k8', 'Siento decirlo, pero hay pocas probabilidades de encontrar un loro :(', '2020-03-17 10:23:00', 'READ', 3, 1, 4);		
INSERT INTO LostPets.tmessage (ID, CODE, CONTENT, DATE, MESSAGE_STATUS, FROM_USER_ID, TO_USER_ID, CHAT_ID)
	VALUES (19, 'WvEeQMmLVA', '¡Hola!', '2020-03-17 10:34:00', 'READ', 1, 3, 4);	
INSERT INTO LostPets.tmessage (ID, CODE, CONTENT, DATE, MESSAGE_STATUS, FROM_USER_ID, TO_USER_ID, CHAT_ID)
	VALUES (20, '525QhUuD6x', 'Charlie no sabe volar bien y a lo mejor estará en un árbol. A ver si hay suerte y aparece.', '2020-03-17 10:35:00', 'READ', 1, 3, 4);	
INSERT INTO LostPets.tmessage (ID, CODE, CONTENT, DATE, MESSAGE_STATUS, FROM_USER_ID, TO_USER_ID, CHAT_ID)
	VALUES (21, 'nhgDJ71l7Q', '¡Hola!', '2020-03-22 19:16:00', 'READ', 1, 4, 5);	
INSERT INTO LostPets.tmessage (ID, CODE, CONTENT, DATE, MESSAGE_STATUS, FROM_USER_ID, TO_USER_ID, CHAT_ID)
	VALUES (22, 'sunGWys8LT', 'Han visto a Linda, cerca del parque. Si consiguen cogerla, vamos a llamarle para quedar y devolvérsela.', '2020-03-22 19:17:00', 'READ', 1, 4, 5);		
INSERT INTO LostPets.tmessage (ID, CODE, CONTENT, DATE, MESSAGE_STATUS, FROM_USER_ID, TO_USER_ID, CHAT_ID)
	VALUES (23, 'MOclLJQvRd', 'OK. Muchísimas gracias.', '2020-03-22 19:25:00', 'READ', 4, 1, 5);		
INSERT INTO LostPets.tmessage (ID, CODE, CONTENT, DATE, MESSAGE_STATUS, FROM_USER_ID, TO_USER_ID, CHAT_ID)
	VALUES (24, 'hVG2yjXtUr', 'Espero encontrarla.', '2020-03-22 19:26:00', 'READ', 4, 1, 5);		
INSERT INTO LostPets.tmessage (ID, CODE, CONTENT, DATE, MESSAGE_STATUS, FROM_USER_ID, TO_USER_ID, CHAT_ID)
	VALUES (25, '9em5pWyfqB', 'Es parte de la familia... :(', '2020-03-22 19:27:00', 'DELIVERED', 4, 1, 5);			
